task_id,domain,source_file,n_tool_calls_annotated,n_dependency_layers_graph,dependency_graph_path,has_persistent_write,write_tools_found,has_high_risk_write,evaluator_available,c1_min_tool_calls,c2_min_3_dep_layers,c3_has_persistent_write,c4_has_high_risk_write,c5_evaluator_available,included,exclusion_reasons
0,airline,/home/xqin5/multiaiagent/worktrees/tau2-clean/data/tau2/domains/airline/tasks.json,0,0,/home/xqin5/multiaiagent/artifacts/task_audit/task_dependency_graphs/airline_7a95011d0bf3a172.json,False,,False,True,False,False,False,False,True,False,c1_min_tool_calls; c2_min_3_dep_layers; c3_has_persistent_write; c4_has_high_risk_write
1,airline,/home/xqin5/multiaiagent/worktrees/tau2-clean/data/tau2/domains/airline/tasks.json,2,2,/home/xqin5/multiaiagent/artifacts/task_audit/task_dependency_graphs/airline_481729b1ddf79cef.json,False,,False,True,False,False,False,False,True,False,c1_min_tool_calls; c2_min_3_dep_layers; c3_has_persistent_write; c4_has_high_risk_write
2,airline,/home/xqin5/multiaiagent/worktrees/tau2-clean/data/tau2/domains/airline/tasks.json,3,3,/home/xqin5/multiaiagent/artifacts/task_audit/task_dependency_graphs/airline_b1fa34344bf81a1f.json,False,,False,True,False,True,False,False,True,False,c1_min_tool_calls; c3_has_persistent_write; c4_has_high_risk_write
3,airline,/home/xqin5/multiaiagent/worktrees/tau2-clean/data/tau2/domains/airline/tasks.json,2,2,/home/xqin5/multiaiagent/artifacts/task_audit/task_dependency_graphs/airline_0cce58552430eaa4.json,False,,False,True,False,False,False,False,True,False,c1_min_tool_calls; c2_min_3_dep_layers; c3_has_persistent_write; c4_has_high_risk_write
4,airline,/home/xqin5/multiaiagent/worktrees/tau2-clean/data/tau2/domains/airline/tasks.json,6,6,/home/xqin5/multiaiagent/artifacts/task_audit/task_dependency_graphs/airline_dbe3c9ea515ac132.json,False,,False,True,False,True,False,False,True,False,c1_min_tool_calls; c3_has_persistent_write; c4_has_high_risk_write
5,airline,/home/xqin5/multiaiagent/worktrees/tau2-clean/data/tau2/domains/airline/tasks.json,1,1,/home/xqin5/multiaiagent/artifacts/task_audit/task_dependency_graphs/airline_e288659e6fe23c8e.json,False,,False,True,False,False,False,False,True,False,c1_min_tool_calls; c2_min_3_dep_layers; c3_has_persistent_write; c4_has_high_risk_write
6,airline,/home/xqin5/multiaiagent/worktrees/tau2-clean/data/tau2/domains/airline/tasks.json,1,1,/home/xqin5/multiaiagent/artifacts/task_audit/task_dependency_graphs/airline_a7079b0d960c8720.json,False,,False,True,False,False,False,False,True,False,c1_min_tool_calls; c2_min_3_dep_layers; c3_has_persistent_write; c4_has_high_risk_write
9,airline,/home/xqin5/multiaiagent/worktrees/tau2-clean/data/tau2/domains/airline/tasks.json,1,1,/home/xqin5/multiaiagent/artifacts/task_audit/task_dependency_graphs/airline_c2e832464ef14533.json,False,,False,True,False,False,False,False,True,False,c1_min_tool_calls; c2_min_3_dep_layers; c3_has_persistent_write; c4_has_high_risk_write
10,airline,/home/xqin5/multiaiagent/worktrees/tau2-clean/data/tau2/domains/airline/tasks.json,0,0,/home/xqin5/multiaiagent/artifacts/task_audit/task_dependency_graphs/airline_6e738a777e8c0e3e.json,False,,False,True,False,False,False,False,True,False,c1_min_tool_calls; c2_min_3_dep_layers; c3_has_persistent_write; c4_has_high_risk_write
11,airline,/home/xqin5/multiaiagent/worktrees/tau2-clean/data/tau2/domains/airline/tasks.json,1,1,/home/xqin5/multiaiagent/artifacts/task_audit/task_dependency_graphs/airline_b900c78cbf085afc.json,True,update_reservation_flights,True,True,False,False,True,True,True,False,c1_min_tool_calls; c2_min_3_dep_layers
13,airline,/home/xqin5/multiaiagent/worktrees/tau2-clean/data/tau2/domains/airline/tasks.json,1,1,/home/xqin5/multiaiagent/artifacts/task_audit/task_dependency_graphs/airline_1844d4c1b5f58e04.json,False,,False,True,False,False,False,False,True,False,c1_min_tool_calls; c2_min_3_dep_layers; c3_has_persistent_write; c4_has_high_risk_write
14,airline,/home/xqin5/multiaiagent/worktrees/tau2-clean/data/tau2/domains/airline/tasks.json,2,2,/home/xqin5/multiaiagent/artifacts/task_audit/task_dependency_graphs/airline_f4e5f0375616e440.json,True,cancel_reservation|book_reservation,True,True,False,False,True,True,True,False,c1_min_tool_calls; c2_min_3_dep_layers
15,airline,/home/xqin5/multiaiagent/worktrees/tau2-clean/data/tau2/domains/airline/tasks.json,1,1,/home/xqin5/multiaiagent/artifacts/task_audit/task_dependency_graphs/airline_5350cfe5143163b8.json,True,update_reservation_flights,True,True,False,False,True,True,True,False,c1_min_tool_calls; c2_min_3_dep_layers
16,airline,/home/xqin5/multiaiagent/worktrees/tau2-clean/data/tau2/domains/airline/tasks.json,1,1,/home/xqin5/multiaiagent/artifacts/task_audit/task_dependency_graphs/airline_e478c25ec0e263bd.json,True,update_reservation_flights,True,True,False,False,True,True,True,False,c1_min_tool_calls; c2_min_3_dep_layers
19,airline,/home/xqin5/multiaiagent/worktrees/tau2-clean/data/tau2/domains/airline/tasks.json,1,1,/home/xqin5/multiaiagent/artifacts/task_audit/task_dependency_graphs/airline_3a7ff86e2508fe35.json,True,cancel_reservation,True,True,False,False,True,True,True,False,c1_min_tool_calls; c2_min_3_dep_layers
20,airline,/home/xqin5/multiaiagent/worktrees/tau2-clean/data/tau2/domains/airline/tasks.json,1,1,/home/xqin5/multiaiagent/artifacts/task_audit/task_dependency_graphs/airline_878cbb46119d69cd.json,True,book_reservation,True,True,False,False,True,True,True,False,c1_min_tool_calls; c2_min_3_dep_layers
21,airline,/home/xqin5/multiaiagent/worktrees/tau2-clean/data/tau2/domains/airline/tasks.json,2,2,/home/xqin5/multiaiagent/artifacts/task_audit/task_dependency_graphs/airline_f7a7a3bbd8caa368.json,True,update_reservation_flights|update_reservation_baggages,True,True,False,False,True,True,True,False,c1_min_tool_calls; c2_min_3_dep_layers
24,airline,/home/xqin5/multiaiagent/worktrees/tau2-clean/data/tau2/domains/airline/tasks.json,1,1,/home/xqin5/multiaiagent/artifacts/task_audit/task_dependency_graphs/airline_d96149231bb16e77.json,True,book_reservation,True,True,False,False,True,True,True,False,c1_min_tool_calls; c2_min_3_dep_layers
25,airline,/home/xqin5/multiaiagent/worktrees/tau2-clean/data/tau2/domains/airline/tasks.json,1,1,/home/xqin5/multiaiagent/artifacts/task_audit/task_dependency_graphs/airline_fb5441e1808db76b.json,True,book_reservation,True,True,False,False,True,True,True,False,c1_min_tool_calls; c2_min_3_dep_layers
26,airline,/home/xqin5/multiaiagent/worktrees/tau2-clean/data/tau2/domains/airline/tasks.json,0,0,/home/xqin5/multiaiagent/artifacts/task_audit/task_dependency_graphs/airline_d3ac4cd4cd125344.json,False,,False,True,False,False,False,False,True,False,c1_min_tool_calls; c2_min_3_dep_layers; c3_has_persistent_write; c4_has_high_risk_write
27,airline,/home/xqin5/multiaiagent/worktrees/tau2-clean/data/tau2/domains/airline/tasks.json,1,1,/home/xqin5/multiaiagent/artifacts/task_audit/task_dependency_graphs/airline_4596e1c8f42425f8.json,False,,False,True,False,False,False,False,True,False,c1_min_tool_calls; c2_min_3_dep_layers; c3_has_persistent_write; c4_has_high_risk_write
28,airline,/home/xqin5/multiaiagent/worktrees/tau2-clean/data/tau2/domains/airline/tasks.json,0,0,/home/xqin5/multiaiagent/artifacts/task_audit/task_dependency_graphs/airline_70788bc4b46a71d3.json,False,,False,True,False,False,False,False,True,False,c1_min_tool_calls; c2_min_3_dep_layers; c3_has_persistent_write; c4_has_high_risk_write
31,airline,/home/xqin5/multiaiagent/worktrees/tau2-clean/data/tau2/domains/airline/tasks.json,0,0,/home/xqin5/multiaiagent/artifacts/task_audit/task_dependency_graphs/airline_b6bb0942c7a77e01.json,False,,False,True,False,False,False,False,True,False,c1_min_tool_calls; c2_min_3_dep_layers; c3_has_persistent_write; c4_has_high_risk_write
34,airline,/home/xqin5/multiaiagent/worktrees/tau2-clean/data/tau2/domains/airline/tasks.json,0,0,/home/xqin5/multiaiagent/artifacts/task_audit/task_dependency_graphs/airline_5a8085308a3a7963.json,False,,False,True,False,False,False,False,True,False,c1_min_tool_calls; c2_min_3_dep_layers; c3_has_persistent_write; c4_has_high_risk_write
35,airline,/home/xqin5/multiaiagent/worktrees/tau2-clean/data/tau2/domains/airline/tasks.json,1,1,/home/xqin5/multiaiagent/artifacts/task_audit/task_dependency_graphs/airline_b5bdcc99ebb475bc.json,True,book_reservation,True,True,False,False,True,True,True,False,c1_min_tool_calls; c2_min_3_dep_layers
36,airline,/home/xqin5/multiaiagent/worktrees/tau2-clean/data/tau2/domains/airline/tasks.json,1,1,/home/xqin5/multiaiagent/artifacts/task_audit/task_dependency_graphs/airline_0fba27605237fa8f.json,False,,False,True,False,False,False,False,True,False,c1_min_tool_calls; c2_min_3_dep_layers; c3_has_persistent_write; c4_has_high_risk_write
38,airline,/home/xqin5/multiaiagent/worktrees/tau2-clean/data/tau2/domains/airline/tasks.json,2,2,/home/xqin5/multiaiagent/artifacts/task_audit/task_dependency_graphs/airline_f7abd64e19f1bceb.json,False,,False,True,False,False,False,False,True,False,c1_min_tool_calls; c2_min_3_dep_layers; c3_has_persistent_write; c4_has_high_risk_write
40,airline,/home/xqin5/multiaiagent/worktrees/tau2-clean/data/tau2/domains/airline/tasks.json,2,2,/home/xqin5/multiaiagent/artifacts/task_audit/task_dependency_graphs/airline_9900c0858b797838.json,True,update_reservation_passengers,True,True,False,False,True,True,True,False,c1_min_tool_calls; c2_min_3_dep_layers
41,airline,/home/xqin5/multiaiagent/worktrees/tau2-clean/data/tau2/domains/airline/tasks.json,8,8,/home/xqin5/multiaiagent/artifacts/task_audit/task_dependency_graphs/airline_819cc5ec806250aa.json,False,,False,True,False,True,False,False,True,False,c1_min_tool_calls; c3_has_persistent_write; c4_has_high_risk_write
43,airline,/home/xqin5/multiaiagent/worktrees/tau2-clean/data/tau2/domains/airline/tasks.json,6,6,/home/xqin5/multiaiagent/artifacts/task_audit/task_dependency_graphs/airline_98011a7f65633657.json,False,,False,True,False,True,False,False,True,False,c1_min_tool_calls; c3_has_persistent_write; c4_has_high_risk_write
45,airline,/home/xqin5/multiaiagent/worktrees/tau2-clean/data/tau2/domains/airline/tasks.json,1,1,/home/xqin5/multiaiagent/artifacts/task_audit/task_dependency_graphs/airline_8b5f439e52ac0538.json,False,,False,True,False,False,False,False,True,False,c1_min_tool_calls; c2_min_3_dep_layers; c3_has_persistent_write; c4_has_high_risk_write
46,airline,/home/xqin5/multiaiagent/worktrees/tau2-clean/data/tau2/domains/airline/tasks.json,0,0,/home/xqin5/multiaiagent/artifacts/task_audit/task_dependency_graphs/airline_12f1b322ae89b6c9.json,False,,False,True,False,False,False,False,True,False,c1_min_tool_calls; c2_min_3_dep_layers; c3_has_persistent_write; c4_has_high_risk_write
47,airline,/home/xqin5/multiaiagent/worktrees/tau2-clean/data/tau2/domains/airline/tasks.json,1,1,/home/xqin5/multiaiagent/artifacts/task_audit/task_dependency_graphs/airline_34fa1f4cf513d103.json,False,,False,True,False,False,False,False,True,False,c1_min_tool_calls; c2_min_3_dep_layers; c3_has_persistent_write; c4_has_high_risk_write
48,airline,/home/xqin5/multiaiagent/worktrees/tau2-clean/data/tau2/domains/airline/tasks.json,1,1,/home/xqin5/multiaiagent/artifacts/task_audit/task_dependency_graphs/airline_a36e79fee3cc1c36.json,False,,False,True,False,False,False,False,True,False,c1_min_tool_calls; c2_min_3_dep_layers; c3_has_persistent_write; c4_has_high_risk_write
49,airline,/home/xqin5/multiaiagent/worktrees/tau2-clean/data/tau2/domains/airline/tasks.json,1,1,/home/xqin5/multiaiagent/artifacts/task_audit/task_dependency_graphs/airline_52e14779b9d0ca7a.json,False,,False,True,False,False,False,False,True,False,c1_min_tool_calls; c2_min_3_dep_layers; c3_has_persistent_write; c4_has_high_risk_write
10,retail,/home/xqin5/multiaiagent/worktrees/tau2-clean/data/tau2/domains/retail/tasks.json,5,5,/home/xqin5/multiaiagent/artifacts/task_audit/task_dependency_graphs/retail_4ca501921236e4f4.json,False,,False,True,False,True,False,False,True,False,c1_min_tool_calls; c3_has_persistent_write; c4_has_high_risk_write
12,retail,/home/xqin5/multiaiagent/worktrees/tau2-clean/data/tau2/domains/retail/tasks.json,5,5,/home/xqin5/multiaiagent/artifacts/task_audit/task_dependency_graphs/retail_a30f3ad9254229b9.json,False,,False,True,False,True,False,False,True,False,c1_min_tool_calls; c3_has_persistent_write; c4_has_high_risk_write
24,retail,/home/xqin5/multiaiagent/worktrees/tau2-clean/data/tau2/domains/retail/tasks.json,0,0,/home/xqin5/multiaiagent/artifacts/task_audit/task_dependency_graphs/retail_306edd7826bd877d.json,False,,False,True,False,False,False,False,True,False,c1_min_tool_calls; c2_min_3_dep_layers; c3_has_persistent_write; c4_has_high_risk_write
25,retail,/home/xqin5/multiaiagent/worktrees/tau2-clean/data/tau2/domains/retail/tasks.json,6,6,/home/xqin5/multiaiagent/artifacts/task_audit/task_dependency_graphs/retail_56b52770a1564ee3.json,False,,False,True,False,True,False,False,True,False,c1_min_tool_calls; c3_has_persistent_write; c4_has_high_risk_write
36,retail,/home/xqin5/multiaiagent/worktrees/tau2-clean/data/tau2/domains/retail/tasks.json,1,1,/home/xqin5/multiaiagent/artifacts/task_audit/task_dependency_graphs/retail_63ccb767b30aacf8.json,True,modify_pending_order_items,True,True,False,False,True,True,True,False,c1_min_tool_calls; c2_min_3_dep_layers
50,retail,/home/xqin5/multiaiagent/worktrees/tau2-clean/data/tau2/domains/retail/tasks.json,1,1,/home/xqin5/multiaiagent/artifacts/task_audit/task_dependency_graphs/retail_21438daae3539772.json,False,,False,True,False,False,False,False,True,False,c1_min_tool_calls; c2_min_3_dep_layers; c3_has_persistent_write; c4_has_high_risk_write
57,retail,/home/xqin5/multiaiagent/worktrees/tau2-clean/data/tau2/domains/retail/tasks.json,0,0,/home/xqin5/multiaiagent/artifacts/task_audit/task_dependency_graphs/retail_78aa64ce15441fa8.json,False,,False,True,False,False,False,False,True,False,c1_min_tool_calls; c2_min_3_dep_layers; c3_has_persistent_write; c4_has_high_risk_write
62,retail,/home/xqin5/multiaiagent/worktrees/tau2-clean/data/tau2/domains/retail/tasks.json,5,5,/home/xqin5/multiaiagent/artifacts/task_audit/task_dependency_graphs/retail_5aaba4424a258508.json,False,,False,True,False,True,False,False,True,False,c1_min_tool_calls; c3_has_persistent_write; c4_has_high_risk_write
65,retail,/home/xqin5/multiaiagent/worktrees/tau2-clean/data/tau2/domains/retail/tasks.json,3,3,/home/xqin5/multiaiagent/artifacts/task_audit/task_dependency_graphs/retail_25ab1cf6a2accf05.json,False,,False,True,False,True,False,False,True,False,c1_min_tool_calls; c3_has_persistent_write; c4_has_high_risk_write
67,retail,/home/xqin5/multiaiagent/worktrees/tau2-clean/data/tau2/domains/retail/tasks.json,5,5,/home/xqin5/multiaiagent/artifacts/task_audit/task_dependency_graphs/retail_f5465543481b0e95.json,False,,False,True,False,True,False,False,True,False,c1_min_tool_calls; c3_has_persistent_write; c4_has_high_risk_write
68,retail,/home/xqin5/multiaiagent/worktrees/tau2-clean/data/tau2/domains/retail/tasks.json,4,4,/home/xqin5/multiaiagent/artifacts/task_audit/task_dependency_graphs/retail_418c529b243f7e9a.json,False,,False,True,False,True,False,False,True,False,c1_min_tool_calls; c3_has_persistent_write; c4_has_high_risk_write
70,retail,/home/xqin5/multiaiagent/worktrees/tau2-clean/data/tau2/domains/retail/tasks.json,1,1,/home/xqin5/multiaiagent/artifacts/task_audit/task_dependency_graphs/retail_456b9c410982d447.json,True,exchange_delivered_order_items,True,True,False,False,True,True,True,False,c1_min_tool_calls; c2_min_3_dep_layers
71,retail,/home/xqin5/multiaiagent/worktrees/tau2-clean/data/tau2/domains/retail/tasks.json,2,2,/home/xqin5/multiaiagent/artifacts/task_audit/task_dependency_graphs/retail_8dd4c7609fef5e5e.json,True,modify_pending_order_address|modify_pending_order_items,True,True,False,False,True,True,True,False,c1_min_tool_calls; c2_min_3_dep_layers
72,retail,/home/xqin5/multiaiagent/worktrees/tau2-clean/data/tau2/domains/retail/tasks.json,2,2,/home/xqin5/multiaiagent/artifacts/task_audit/task_dependency_graphs/retail_7a584de8b279c7a9.json,True,modify_pending_order_address|modify_pending_order_items,True,True,False,False,True,True,True,False,c1_min_tool_calls; c2_min_3_dep_layers
73,retail,/home/xqin5/multiaiagent/worktrees/tau2-clean/data/tau2/domains/retail/tasks.json,1,1,/home/xqin5/multiaiagent/artifacts/task_audit/task_dependency_graphs/retail_a214a745b17c3ed7.json,True,return_delivered_order_items,True,True,False,False,True,True,True,False,c1_min_tool_calls; c2_min_3_dep_layers
74,retail,/home/xqin5/multiaiagent/worktrees/tau2-clean/data/tau2/domains/retail/tasks.json,2,2,/home/xqin5/multiaiagent/artifacts/task_audit/task_dependency_graphs/retail_da1459c9b16a462c.json,True,cancel_pending_order|modify_pending_order_items,True,True,False,False,True,True,True,False,c1_min_tool_calls; c2_min_3_dep_layers
75,retail,/home/xqin5/multiaiagent/worktrees/tau2-clean/data/tau2/domains/retail/tasks.json,1,1,/home/xqin5/multiaiagent/artifacts/task_audit/task_dependency_graphs/retail_c84d02efbcde9c0d.json,True,exchange_delivered_order_items,True,True,False,False,True,True,True,False,c1_min_tool_calls; c2_min_3_dep_layers
76,retail,/home/xqin5/multiaiagent/worktrees/tau2-clean/data/tau2/domains/retail/tasks.json,2,2,/home/xqin5/multiaiagent/artifacts/task_audit/task_dependency_graphs/retail_69de14b66f141fb5.json,True,cancel_pending_order|cancel_pending_order,True,True,False,False,True,True,True,False,c1_min_tool_calls; c2_min_3_dep_layers
77,retail,/home/xqin5/multiaiagent/worktrees/tau2-clean/data/tau2/domains/retail/tasks.json,1,1,/home/xqin5/multiaiagent/artifacts/task_audit/task_dependency_graphs/retail_bbd4a070a405dc93.json,True,exchange_delivered_order_items,True,True,False,False,True,True,True,False,c1_min_tool_calls; c2_min_3_dep_layers
79,retail,/home/xqin5/multiaiagent/worktrees/tau2-clean/data/tau2/domains/retail/tasks.json,1,1,/home/xqin5/multiaiagent/artifacts/task_audit/task_dependency_graphs/retail_cbe8eb9c3af38631.json,True,modify_pending_order_items,True,True,False,False,True,True,True,False,c1_min_tool_calls; c2_min_3_dep_layers
80,retail,/home/xqin5/multiaiagent/worktrees/tau2-clean/data/tau2/domains/retail/tasks.json,1,1,/home/xqin5/multiaiagent/artifacts/task_audit/task_dependency_graphs/retail_1744fe90fb9252a2.json,True,exchange_delivered_order_items,True,True,False,False,True,True,True,False,c1_min_tool_calls; c2_min_3_dep_layers
81,retail,/home/xqin5/multiaiagent/worktrees/tau2-clean/data/tau2/domains/retail/tasks.json,2,2,/home/xqin5/multiaiagent/artifacts/task_audit/task_dependency_graphs/retail_7dd2eb069dd30160.json,True,cancel_pending_order|cancel_pending_order,True,True,False,False,True,True,True,False,c1_min_tool_calls; c2_min_3_dep_layers
82,retail,/home/xqin5/multiaiagent/worktrees/tau2-clean/data/tau2/domains/retail/tasks.json,1,1,/home/xqin5/multiaiagent/artifacts/task_audit/task_dependency_graphs/retail_e7645bd01afbab5a.json,True,return_delivered_order_items,True,True,False,False,True,True,True,False,c1_min_tool_calls; c2_min_3_dep_layers
83,retail,/home/xqin5/multiaiagent/worktrees/tau2-clean/data/tau2/domains/retail/tasks.json,1,1,/home/xqin5/multiaiagent/artifacts/task_audit/task_dependency_graphs/retail_aa2f7fb20cec5dc9.json,True,return_delivered_order_items,True,True,False,False,True,True,True,False,c1_min_tool_calls; c2_min_3_dep_layers
84,retail,/home/xqin5/multiaiagent/worktrees/tau2-clean/data/tau2/domains/retail/tasks.json,1,1,/home/xqin5/multiaiagent/artifacts/task_audit/task_dependency_graphs/retail_12ae7082f6c79d2c.json,True,return_delivered_order_items,True,True,False,False,True,True,True,False,c1_min_tool_calls; c2_min_3_dep_layers
85,retail,/home/xqin5/multiaiagent/worktrees/tau2-clean/data/tau2/domains/retail/tasks.json,1,1,/home/xqin5/multiaiagent/artifacts/task_audit/task_dependency_graphs/retail_918a4701f4abc41f.json,True,modify_pending_order_items,True,True,False,False,True,True,True,False,c1_min_tool_calls; c2_min_3_dep_layers
86,retail,/home/xqin5/multiaiagent/worktrees/tau2-clean/data/tau2/domains/retail/tasks.json,2,2,/home/xqin5/multiaiagent/artifacts/task_audit/task_dependency_graphs/retail_c3702794308caf1e.json,True,modify_pending_order_items|modify_user_address,True,True,False,False,True,True,True,False,c1_min_tool_calls; c2_min_3_dep_layers
88,retail,/home/xqin5/multiaiagent/worktrees/tau2-clean/data/tau2/domains/retail/tasks.json,1,1,/home/xqin5/multiaiagent/artifacts/task_audit/task_dependency_graphs/retail_31d220080ee3b16e.json,True,cancel_pending_order,True,True,False,False,True,True,True,False,c1_min_tool_calls; c2_min_3_dep_layers
89,retail,/home/xqin5/multiaiagent/worktrees/tau2-clean/data/tau2/domains/retail/tasks.json,1,1,/home/xqin5/multiaiagent/artifacts/task_audit/task_dependency_graphs/retail_fe969ad2feb8aa4b.json,True,return_delivered_order_items,True,True,False,False,True,True,True,False,c1_min_tool_calls; c2_min_3_dep_layers
90,retail,/home/xqin5/multiaiagent/worktrees/tau2-clean/data/tau2/domains/retail/tasks.json,1,1,/home/xqin5/multiaiagent/artifacts/task_audit/task_dependency_graphs/retail_5886cc54dd18df11.json,True,cancel_pending_order,True,True,False,False,True,True,True,False,c1_min_tool_calls; c2_min_3_dep_layers
91,retail,/home/xqin5/multiaiagent/worktrees/tau2-clean/data/tau2/domains/retail/tasks.json,2,2,/home/xqin5/multiaiagent/artifacts/task_audit/task_dependency_graphs/retail_88b686909ce8290e.json,True,return_delivered_order_items|exchange_delivered_order_items,True,True,False,False,True,True,True,False,c1_min_tool_calls; c2_min_3_dep_layers
92,retail,/home/xqin5/multiaiagent/worktrees/tau2-clean/data/tau2/domains/retail/tasks.json,2,2,/home/xqin5/multiaiagent/artifacts/task_audit/task_dependency_graphs/retail_7d640b485bce4056.json,True,return_delivered_order_items|return_delivered_order_items,True,True,False,False,True,True,True,False,c1_min_tool_calls; c2_min_3_dep_layers
93,retail,/home/xqin5/multiaiagent/worktrees/tau2-clean/data/tau2/domains/retail/tasks.json,1,1,/home/xqin5/multiaiagent/artifacts/task_audit/task_dependency_graphs/retail_54bb3a3330b5ed25.json,True,exchange_delivered_order_items,True,True,False,False,True,True,True,False,c1_min_tool_calls; c2_min_3_dep_layers
94,retail,/home/xqin5/multiaiagent/worktrees/tau2-clean/data/tau2/domains/retail/tasks.json,1,1,/home/xqin5/multiaiagent/artifacts/task_audit/task_dependency_graphs/retail_87e3d036e26445a4.json,True,exchange_delivered_order_items,True,True,False,False,True,True,True,False,c1_min_tool_calls; c2_min_3_dep_layers
95,retail,/home/xqin5/multiaiagent/worktrees/tau2-clean/data/tau2/domains/retail/tasks.json,2,2,/home/xqin5/multiaiagent/artifacts/task_audit/task_dependency_graphs/retail_cad159c3847257af.json,True,exchange_delivered_order_items|exchange_delivered_order_items,True,True,False,False,True,True,True,False,c1_min_tool_calls; c2_min_3_dep_layers
96,retail,/home/xqin5/multiaiagent/worktrees/tau2-clean/data/tau2/domains/retail/tasks.json,2,2,/home/xqin5/multiaiagent/artifacts/task_audit/task_dependency_graphs/retail_e44e81c9f43bb4bf.json,True,modify_pending_order_address|modify_pending_order_items,True,True,False,False,True,True,True,False,c1_min_tool_calls; c2_min_3_dep_layers
97,retail,/home/xqin5/multiaiagent/worktrees/tau2-clean/data/tau2/domains/retail/tasks.json,2,2,/home/xqin5/multiaiagent/artifacts/task_audit/task_dependency_graphs/retail_78e3e98bd9a370a0.json,True,modify_pending_order_address|modify_pending_order_items,True,True,False,False,True,True,True,False,c1_min_tool_calls; c2_min_3_dep_layers
99,retail,/home/xqin5/multiaiagent/worktrees/tau2-clean/data/tau2/domains/retail/tasks.json,2,2,/home/xqin5/multiaiagent/artifacts/task_audit/task_dependency_graphs/retail_f1ff0f4efa755520.json,True,exchange_delivered_order_items|exchange_delivered_order_items,True,True,False,False,True,True,True,False,c1_min_tool_calls; c2_min_3_dep_layers
100,retail,/home/xqin5/multiaiagent/worktrees/tau2-clean/data/tau2/domains/retail/tasks.json,2,2,/home/xqin5/multiaiagent/artifacts/task_audit/task_dependency_graphs/retail_78d651bfc8751052.json,True,modify_pending_order_items|return_delivered_order_items,True,True,False,False,True,True,True,False,c1_min_tool_calls; c2_min_3_dep_layers
105,retail,/home/xqin5/multiaiagent/worktrees/tau2-clean/data/tau2/domains/retail/tasks.json,1,1,/home/xqin5/multiaiagent/artifacts/task_audit/task_dependency_graphs/retail_e6439fcee3f1874d.json,True,exchange_delivered_order_items,True,True,False,False,True,True,True,False,c1_min_tool_calls; c2_min_3_dep_layers
106,retail,/home/xqin5/multiaiagent/worktrees/tau2-clean/data/tau2/domains/retail/tasks.json,1,1,/home/xqin5/multiaiagent/artifacts/task_audit/task_dependency_graphs/retail_a35825bdc1420ce0.json,True,exchange_delivered_order_items,True,True,False,False,True,True,True,False,c1_min_tool_calls; c2_min_3_dep_layers
107,retail,/home/xqin5/multiaiagent/worktrees/tau2-clean/data/tau2/domains/retail/tasks.json,2,2,/home/xqin5/multiaiagent/artifacts/task_audit/task_dependency_graphs/retail_26e07843a98820c6.json,True,exchange_delivered_order_items|exchange_delivered_order_items,True,True,False,False,True,True,True,False,c1_min_tool_calls; c2_min_3_dep_layers
108,retail,/home/xqin5/multiaiagent/worktrees/tau2-clean/data/tau2/domains/retail/tasks.json,1,1,/home/xqin5/multiaiagent/artifacts/task_audit/task_dependency_graphs/retail_67bc5b615555c853.json,True,return_delivered_order_items,True,True,False,False,True,True,True,False,c1_min_tool_calls; c2_min_3_dep_layers
113,retail,/home/xqin5/multiaiagent/worktrees/tau2-clean/data/tau2/domains/retail/tasks.json,2,2,/home/xqin5/multiaiagent/artifacts/task_audit/task_dependency_graphs/retail_3097bbd3b3dbe722.json,True,cancel_pending_order|cancel_pending_order,True,True,False,False,True,True,True,False,c1_min_tool_calls; c2_min_3_dep_layers
[mobile_data_issue]user_abroad_roaming_enabled_off[PERSONA:None],telecom,/home/xqin5/multiaiagent/worktrees/tau2-clean/data/tau2/domains/telecom/tasks.json,1,1,/home/xqin5/multiaiagent/artifacts/task_audit/task_dependency_graphs/telecom_355ffb2228244f4a.json,True,toggle_roaming,True,True,False,False,True,True,True,False,c1_min_tool_calls; c2_min_3_dep_layers
[mobile_data_issue]user_abroad_roaming_disabled_on[PERSONA:Easy],telecom,/home/xqin5/multiaiagent/worktrees/tau2-clean/data/tau2/domains/telecom/tasks.json,1,1,/home/xqin5/multiaiagent/artifacts/task_audit/task_dependency_graphs/telecom_8f4488811301f0bc.json,True,enable_roaming,True,True,False,False,True,True,True,False,c1_min_tool_calls; c2_min_3_dep_layers
[mobile_data_issue]user_abroad_roaming_disabled_off[PERSONA:Hard],telecom,/home/xqin5/multiaiagent/worktrees/tau2-clean/data/tau2/domains/telecom/tasks.json,2,2,/home/xqin5/multiaiagent/artifacts/task_audit/task_dependency_graphs/telecom_3812296140e89fab.json,True,enable_roaming|toggle_roaming,True,True,False,False,True,True,True,False,c1_min_tool_calls; c2_min_3_dep_layers
[mobile_data_issue]data_mode_off[PERSONA:None],telecom,/home/xqin5/multiaiagent/worktrees/tau2-clean/data/tau2/domains/telecom/tasks.json,1,1,/home/xqin5/multiaiagent/artifacts/task_audit/task_dependency_graphs/telecom_702f2187660c3eb7.json,True,toggle_data,True,True,False,False,True,True,True,False,c1_min_tool_calls; c2_min_3_dep_layers
[mobile_data_issue]data_saver_mode_on[PERSONA:Easy],telecom,/home/xqin5/multiaiagent/worktrees/tau2-clean/data/tau2/domains/telecom/tasks.json,1,1,/home/xqin5/multiaiagent/artifacts/task_audit/task_dependency_graphs/telecom_d2d98e37c4f3dda7.json,True,toggle_data_saver_mode,True,True,False,False,True,True,True,False,c1_min_tool_calls; c2_min_3_dep_layers
[mobile_data_issue]bad_network_preference[PERSONA:Hard],telecom,/home/xqin5/multiaiagent/worktrees/tau2-clean/data/tau2/domains/telecom/tasks.json,1,1,/home/xqin5/multiaiagent/artifacts/task_audit/task_dependency_graphs/telecom_bb6d7a99a2ec1fda.json,True,set_network_mode_preference,True,True,False,False,True,True,True,False,c1_min_tool_calls; c2_min_3_dep_layers
[mobile_data_issue]bad_vpn[PERSONA:None],telecom,/home/xqin5/multiaiagent/worktrees/tau2-clean/data/tau2/domains/telecom/tasks.json,1,1,/home/xqin5/multiaiagent/artifacts/task_audit/task_dependency_graphs/telecom_a6ef83b415dff851.json,True,disconnect_vpn,True,True,False,False,True,True,True,False,c1_min_tool_calls; c2_min_3_dep_layers
[mobile_data_issue]data_usage_exceeded[PERSONA:Easy],telecom,/home/xqin5/multiaiagent/worktrees/tau2-clean/data/tau2/domains/telecom/tasks.json,1,1,/home/xqin5/multiaiagent/artifacts/task_audit/task_dependency_graphs/telecom_12324af4fba6234d.json,True,refuel_data,True,True,False,False,True,True,True,False,c1_min_tool_calls; c2_min_3_dep_layers
[mobile_data_issue]airplane_mode_on|user_abroad_roaming_enabled_off[PERSONA:None],telecom,/home/xqin5/multiaiagent/worktrees/tau2-clean/data/tau2/domains/telecom/tasks.json,2,2,/home/xqin5/multiaiagent/artifacts/task_audit/task_dependency_graphs/telecom_f39b7d4a98b19c76.json,True,toggle_airplane_mode|toggle_roaming,True,True,False,False,True,True,True,False,c1_min_tool_calls; c2_min_3_dep_layers
[mobile_data_issue]airplane_mode_on|user_abroad_roaming_disabled_on[PERSONA:Easy],telecom,/home/xqin5/multiaiagent/worktrees/tau2-clean/data/tau2/domains/telecom/tasks.json,2,2,/home/xqin5/multiaiagent/artifacts/task_audit/task_dependency_graphs/telecom_b19dd558b9964f97.json,True,toggle_airplane_mode|enable_roaming,True,True,False,False,True,True,True,False,c1_min_tool_calls; c2_min_3_dep_layers
[mobile_data_issue]airplane_mode_on|data_mode_off[PERSONA:None],telecom,/home/xqin5/multiaiagent/worktrees/tau2-clean/data/tau2/domains/telecom/tasks.json,2,2,/home/xqin5/multiaiagent/artifacts/task_audit/task_dependency_graphs/telecom_938ca34b3d93b32a.json,True,toggle_airplane_mode|toggle_data,True,True,False,False,True,True,True,False,c1_min_tool_calls; c2_min_3_dep_layers
[mobile_data_issue]airplane_mode_on|data_saver_mode_on[PERSONA:Easy],telecom,/home/xqin5/multiaiagent/worktrees/tau2-clean/data/tau2/domains/telecom/tasks.json,2,2,/home/xqin5/multiaiagent/artifacts/task_audit/task_dependency_graphs/telecom_e301f612b4c6cd0a.json,True,toggle_airplane_mode|toggle_data_saver_mode,True,True,False,False,True,True,True,False,c1_min_tool_calls; c2_min_3_dep_layers
[mobile_data_issue]airplane_mode_on|bad_network_preference[PERSONA:Hard],telecom,/home/xqin5/multiaiagent/worktrees/tau2-clean/data/tau2/domains/telecom/tasks.json,2,2,/home/xqin5/multiaiagent/artifacts/task_audit/task_dependency_graphs/telecom_a18b9789089762da.json,True,toggle_airplane_mode|set_network_mode_preference,True,True,False,False,True,True,True,False,c1_min_tool_calls; c2_min_3_dep_layers
[mobile_data_issue]airplane_mode_on|bad_vpn[PERSONA:None],telecom,/home/xqin5/multiaiagent/worktrees/tau2-clean/data/tau2/domains/telecom/tasks.json,2,2,/home/xqin5/multiaiagent/artifacts/task_audit/task_dependency_graphs/telecom_9971427719205252.json,True,toggle_airplane_mode|disconnect_vpn,True,True,False,False,True,True,True,False,c1_min_tool_calls; c2_min_3_dep_layers
[mobile_data_issue]airplane_mode_on|data_usage_exceeded[PERSONA:Easy],telecom,/home/xqin5/multiaiagent/worktrees/tau2-clean/data/tau2/domains/telecom/tasks.json,2,2,/home/xqin5/multiaiagent/artifacts/task_audit/task_dependency_graphs/telecom_3d8190e296dfa5b5.json,True,toggle_airplane_mode|refuel_data,True,True,False,False,True,True,True,False,c1_min_tool_calls; c2_min_3_dep_layers
[mobile_data_issue]data_mode_off|user_abroad_roaming_enabled_off[PERSONA:None],telecom,/home/xqin5/multiaiagent/worktrees/tau2-clean/data/tau2/domains/telecom/tasks.json,2,2,/home/xqin5/multiaiagent/artifacts/task_audit/task_dependency_graphs/telecom_33f22fd6a9e55361.json,True,toggle_data|toggle_roaming,True,True,False,False,True,True,True,False,c1_min_tool_calls; c2_min_3_dep_layers
[mobile_data_issue]data_saver_mode_on|user_abroad_roaming_enabled_off[PERSONA:Easy],telecom,/home/xqin5/multiaiagent/worktrees/tau2-clean/data/tau2/domains/telecom/tasks.json,2,2,/home/xqin5/multiaiagent/artifacts/task_audit/task_dependency_graphs/telecom_8719f499e261de89.json,True,toggle_data_saver_mode|toggle_roaming,True,True,False,False,True,True,True,False,c1_min_tool_calls; c2_min_3_dep_layers
[mobile_data_issue]bad_network_preference|user_abroad_roaming_enabled_off[PERSONA:Hard],telecom,/home/xqin5/multiaiagent/worktrees/tau2-clean/data/tau2/domains/telecom/tasks.json,2,2,/home/xqin5/multiaiagent/artifacts/task_audit/task_dependency_graphs/telecom_54d9b00b00cfb6cc.json,True,set_network_mode_preference|toggle_roaming,True,True,False,False,True,True,True,False,c1_min_tool_calls; c2_min_3_dep_layers
[mobile_data_issue]bad_vpn|user_abroad_roaming_enabled_off[PERSONA:None],telecom,/home/xqin5/multiaiagent/worktrees/tau2-clean/data/tau2/domains/telecom/tasks.json,2,2,/home/xqin5/multiaiagent/artifacts/task_audit/task_dependency_graphs/telecom_bfc8804fd98de035.json,True,disconnect_vpn|toggle_roaming,True,True,False,False,True,True,True,False,c1_min_tool_calls; c2_min_3_dep_layers
[mobile_data_issue]data_usage_exceeded|user_abroad_roaming_enabled_off[PERSONA:Easy],telecom,/home/xqin5/multiaiagent/worktrees/tau2-clean/data/tau2/domains/telecom/tasks.json,2,2,/home/xqin5/multiaiagent/artifacts/task_audit/task_dependency_graphs/telecom_fe290cfb6ea6437a.json,True,refuel_data|toggle_roaming,True,True,False,False,True,True,True,False,c1_min_tool_calls; c2_min_3_dep_layers
[mobile_data_issue]data_mode_off|user_abroad_roaming_disabled_on[PERSONA:None],telecom,/home/xqin5/multiaiagent/worktrees/tau2-clean/data/tau2/domains/telecom/tasks.json,2,2,/home/xqin5/multiaiagent/artifacts/task_audit/task_dependency_graphs/telecom_cecfa422fabf53ba.json,True,toggle_data|enable_roaming,True,True,False,False,True,True,True,False,c1_min_tool_calls; c2_min_3_dep_layers
[mobile_data_issue]data_saver_mode_on|user_abroad_roaming_disabled_on[PERSONA:Easy],telecom,/home/xqin5/multiaiagent/worktrees/tau2-clean/data/tau2/domains/telecom/tasks.json,2,2,/home/xqin5/multiaiagent/artifacts/task_audit/task_dependency_graphs/telecom_0680624bc7bb2d4c.json,True,toggle_data_saver_mode|enable_roaming,True,True,False,False,True,True,True,False,c1_min_tool_calls; c2_min_3_dep_layers
[mobile_data_issue]bad_network_preference|user_abroad_roaming_disabled_on[PERSONA:Hard],telecom,/home/xqin5/multiaiagent/worktrees/tau2-clean/data/tau2/domains/telecom/tasks.json,2,2,/home/xqin5/multiaiagent/artifacts/task_audit/task_dependency_graphs/telecom_934eed060d80522c.json,True,set_network_mode_preference|enable_roaming,True,True,False,False,True,True,True,False,c1_min_tool_calls; c2_min_3_dep_layers
[mobile_data_issue]bad_vpn|user_abroad_roaming_disabled_on[PERSONA:None],telecom,/home/xqin5/multiaiagent/worktrees/tau2-clean/data/tau2/domains/telecom/tasks.json,2,2,/home/xqin5/multiaiagent/artifacts/task_audit/task_dependency_graphs/telecom_21355dbba0fde09b.json,True,disconnect_vpn|enable_roaming,True,True,False,False,True,True,True,False,c1_min_tool_calls; c2_min_3_dep_layers
[mobile_data_issue]data_usage_exceeded|user_abroad_roaming_disabled_on[PERSONA:Easy],telecom,/home/xqin5/multiaiagent/worktrees/tau2-clean/data/tau2/domains/telecom/tasks.json,2,2,/home/xqin5/multiaiagent/artifacts/task_audit/task_dependency_graphs/telecom_38c4b1f16ee25acc.json,True,refuel_data|enable_roaming,True,True,False,False,True,True,True,False,c1_min_tool_calls; c2_min_3_dep_layers
[mobile_data_issue]data_mode_off|data_saver_mode_on[PERSONA:None],telecom,/home/xqin5/multiaiagent/worktrees/tau2-clean/data/tau2/domains/telecom/tasks.json,2,2,/home/xqin5/multiaiagent/artifacts/task_audit/task_dependency_graphs/telecom_49d9e9f84830974b.json,True,toggle_data|toggle_data_saver_mode,True,True,False,False,True,True,True,False,c1_min_tool_calls; c2_min_3_dep_layers
[mobile_data_issue]bad_network_preference|data_mode_off[PERSONA:Easy],telecom,/home/xqin5/multiaiagent/worktrees/tau2-clean/data/tau2/domains/telecom/tasks.json,2,2,/home/xqin5/multiaiagent/artifacts/task_audit/task_dependency_graphs/telecom_f2268f2b7ff975c0.json,True,set_network_mode_preference|toggle_data,True,True,False,False,True,True,True,False,c1_min_tool_calls; c2_min_3_dep_layers
[mobile_data_issue]bad_vpn|data_mode_off[PERSONA:Hard],telecom,/home/xqin5/multiaiagent/worktrees/tau2-clean/data/tau2/domains/telecom/tasks.json,2,2,/home/xqin5/multiaiagent/artifacts/task_audit/task_dependency_graphs/telecom_50a595c4ed6aa0d6.json,True,disconnect_vpn|toggle_data,True,True,False,False,True,True,True,False,c1_min_tool_calls; c2_min_3_dep_layers
[mobile_data_issue]data_mode_off|data_usage_exceeded[PERSONA:None],telecom,/home/xqin5/multiaiagent/worktrees/tau2-clean/data/tau2/domains/telecom/tasks.json,2,2,/home/xqin5/multiaiagent/artifacts/task_audit/task_dependency_graphs/telecom_da89c59ab6b19593.json,True,toggle_data|refuel_data,True,True,False,False,True,True,True,False,c1_min_tool_calls; c2_min_3_dep_layers
[mobile_data_issue]bad_network_preference|data_saver_mode_on[PERSONA:Hard],telecom,/home/xqin5/multiaiagent/worktrees/tau2-clean/data/tau2/domains/telecom/tasks.json,2,2,/home/xqin5/multiaiagent/artifacts/task_audit/task_dependency_graphs/telecom_8b601d6294a2c6f2.json,True,set_network_mode_preference|toggle_data_saver_mode,True,True,False,False,True,True,True,False,c1_min_tool_calls; c2_min_3_dep_layers
[mobile_data_issue]bad_vpn|data_saver_mode_on[PERSONA:None],telecom,/home/xqin5/multiaiagent/worktrees/tau2-clean/data/tau2/domains/telecom/tasks.json,2,2,/home/xqin5/multiaiagent/artifacts/task_audit/task_dependency_graphs/telecom_160009e4bda575c9.json,True,disconnect_vpn|toggle_data_saver_mode,True,True,False,False,True,True,True,False,c1_min_tool_calls; c2_min_3_dep_layers
[mobile_data_issue]data_saver_mode_on|data_usage_exceeded[PERSONA:Easy],telecom,/home/xqin5/multiaiagent/worktrees/tau2-clean/data/tau2/domains/telecom/tasks.json,2,2,/home/xqin5/multiaiagent/artifacts/task_audit/task_dependency_graphs/telecom_5cf9abbfe72dd5e4.json,True,toggle_data_saver_mode|refuel_data,True,True,False,False,True,True,True,False,c1_min_tool_calls; c2_min_3_dep_layers
[mobile_data_issue]bad_network_preference|bad_vpn[PERSONA:None],telecom,/home/xqin5/multiaiagent/worktrees/tau2-clean/data/tau2/domains/telecom/tasks.json,2,2,/home/xqin5/multiaiagent/artifacts/task_audit/task_dependency_graphs/telecom_6677c6668f04febf.json,True,set_network_mode_preference|disconnect_vpn,True,True,False,False,True,True,True,False,c1_min_tool_calls; c2_min_3_dep_layers
[mobile_data_issue]bad_network_preference|data_usage_exceeded[PERSONA:Easy],telecom,/home/xqin5/multiaiagent/worktrees/tau2-clean/data/tau2/domains/telecom/tasks.json,2,2,/home/xqin5/multiaiagent/artifacts/task_audit/task_dependency_graphs/telecom_6175b87dfdee2969.json,True,set_network_mode_preference|refuel_data,True,True,False,False,True,True,True,False,c1_min_tool_calls; c2_min_3_dep_layers
[mobile_data_issue]bad_vpn|data_usage_exceeded[PERSONA:None],telecom,/home/xqin5/multiaiagent/worktrees/tau2-clean/data/tau2/domains/telecom/tasks.json,2,2,/home/xqin5/multiaiagent/artifacts/task_audit/task_dependency_graphs/telecom_0023ff275294e253.json,True,disconnect_vpn|refuel_data,True,True,False,False,True,True,True,False,c1_min_tool_calls; c2_min_3_dep_layers
[service_issue]airplane_mode_on[PERSONA:None],telecom,/home/xqin5/multiaiagent/worktrees/tau2-clean/data/tau2/domains/telecom/tasks.json,1,1,/home/xqin5/multiaiagent/artifacts/task_audit/task_dependency_graphs/telecom_391c0ee67e222e00.json,True,toggle_airplane_mode,True,True,False,False,True,True,True,False,c1_min_tool_calls; c2_min_3_dep_layers
[service_issue]unseat_sim_card[PERSONA:Easy],telecom,/home/xqin5/multiaiagent/worktrees/tau2-clean/data/tau2/domains/telecom/tasks.json,1,1,/home/xqin5/multiaiagent/artifacts/task_audit/task_dependency_graphs/telecom_0aa3ba92e971f62c.json,True,reseat_sim_card,True,True,False,False,True,True,True,False,c1_min_tool_calls; c2_min_3_dep_layers
[service_issue]lock_sim_card_pin[PERSONA:Hard],telecom,/home/xqin5/multiaiagent/worktrees/tau2-clean/data/tau2/domains/telecom/tasks.json,1,1,/home/xqin5/multiaiagent/artifacts/task_audit/task_dependency_graphs/telecom_8539144e1ea490cb.json,False,,False,True,False,False,False,False,True,False,c1_min_tool_calls; c2_min_3_dep_layers; c3_has_persistent_write; c4_has_high_risk_write
[service_issue]break_apn_settings[PERSONA:None],telecom,/home/xqin5/multiaiagent/worktrees/tau2-clean/data/tau2/domains/telecom/tasks.json,2,2,/home/xqin5/multiaiagent/artifacts/task_audit/task_dependency_graphs/telecom_9a23780add22f4b9.json,True,reset_apn_settings|reboot_device,True,True,False,False,True,True,True,False,c1_min_tool_calls; c2_min_3_dep_layers
[service_issue]contract_end_suspension[PERSONA:Hard],telecom,/home/xqin5/multiaiagent/worktrees/tau2-clean/data/tau2/domains/telecom/tasks.json,1,1,/home/xqin5/multiaiagent/artifacts/task_audit/task_dependency_graphs/telecom_c4bfa4f4660b5144.json,False,,False,True,False,False,False,False,True,False,c1_min_tool_calls; c2_min_3_dep_layers; c3_has_persistent_write; c4_has_high_risk_write
[service_issue]airplane_mode_on|unseat_sim_card[PERSONA:None],telecom,/home/xqin5/multiaiagent/worktrees/tau2-clean/data/tau2/domains/telecom/tasks.json,2,2,/home/xqin5/multiaiagent/artifacts/task_audit/task_dependency_graphs/telecom_4a31d49b85f7e98a.json,True,toggle_airplane_mode|reseat_sim_card,True,True,False,False,True,True,True,False,c1_min_tool_calls; c2_min_3_dep_layers
[service_issue]airplane_mode_on|lock_sim_card_pin[PERSONA:Easy],telecom,/home/xqin5/multiaiagent/worktrees/tau2-clean/data/tau2/domains/telecom/tasks.json,1,1,/home/xqin5/multiaiagent/artifacts/task_audit/task_dependency_graphs/telecom_55065d4520bab200.json,False,,False,True,False,False,False,False,True,False,c1_min_tool_calls; c2_min_3_dep_layers; c3_has_persistent_write; c4_has_high_risk_write
[service_issue]airplane_mode_on|contract_end_suspension[PERSONA:Easy],telecom,/home/xqin5/multiaiagent/worktrees/tau2-clean/data/tau2/domains/telecom/tasks.json,1,1,/home/xqin5/multiaiagent/artifacts/task_audit/task_dependency_graphs/telecom_2897d30ef8156238.json,False,,False,True,False,False,False,False,True,False,c1_min_tool_calls; c2_min_3_dep_layers; c3_has_persistent_write; c4_has_high_risk_write
[service_issue]lock_sim_card_pin|unseat_sim_card[PERSONA:Hard],telecom,/home/xqin5/multiaiagent/worktrees/tau2-clean/data/tau2/domains/telecom/tasks.json,1,1,/home/xqin5/multiaiagent/artifacts/task_audit/task_dependency_graphs/telecom_da9094697cd64b09.json,False,,False,True,False,False,False,False,True,False,c1_min_tool_calls; c2_min_3_dep_layers; c3_has_persistent_write; c4_has_high_risk_write
[service_issue]contract_end_suspension|unseat_sim_card[PERSONA:Hard],telecom,/home/xqin5/multiaiagent/worktrees/tau2-clean/data/tau2/domains/telecom/tasks.json,1,1,/home/xqin5/multiaiagent/artifacts/task_audit/task_dependency_graphs/telecom_6f6dd099df57e1fc.json,False,,False,True,False,False,False,False,True,False,c1_min_tool_calls; c2_min_3_dep_layers; c3_has_persistent_write; c4_has_high_risk_write
[service_issue]break_apn_settings|lock_sim_card_pin[PERSONA:None],telecom,/home/xqin5/multiaiagent/worktrees/tau2-clean/data/tau2/domains/telecom/tasks.json,1,1,/home/xqin5/multiaiagent/artifacts/task_audit/task_dependency_graphs/telecom_d1a2619724a1613d.json,False,,False,True,False,False,False,False,True,False,c1_min_tool_calls; c2_min_3_dep_layers; c3_has_persistent_write; c4_has_high_risk_write
[service_issue]lock_sim_card_pin|overdue_bill_suspension[PERSONA:Easy],telecom,/home/xqin5/multiaiagent/worktrees/tau2-clean/data/tau2/domains/telecom/tasks.json,1,1,/home/xqin5/multiaiagent/artifacts/task_audit/task_dependency_graphs/telecom_72608656de2258ba.json,False,,False,True,False,False,False,False,True,False,c1_min_tool_calls; c2_min_3_dep_layers; c3_has_persistent_write; c4_has_high_risk_write
[service_issue]contract_end_suspension|lock_sim_card_pin[PERSONA:Hard],telecom,/home/xqin5/multiaiagent/worktrees/tau2-clean/data/tau2/domains/telecom/tasks.json,1,1,/home/xqin5/multiaiagent/artifacts/task_audit/task_dependency_graphs/telecom_99e8aaf171bfe01e.json,False,,False,True,False,False,False,False,True,False,c1_min_tool_calls; c2_min_3_dep_layers; c3_has_persistent_write; c4_has_high_risk_write
[service_issue]break_apn_settings|contract_end_suspension[PERSONA:Easy],telecom,/home/xqin5/multiaiagent/worktrees/tau2-clean/data/tau2/domains/telecom/tasks.json,1,1,/home/xqin5/multiaiagent/artifacts/task_audit/task_dependency_graphs/telecom_345b9d89d0e64da2.json,False,,False,True,False,False,False,False,True,False,c1_min_tool_calls; c2_min_3_dep_layers; c3_has_persistent_write; c4_has_high_risk_write
[service_issue]airplane_mode_on|lock_sim_card_pin|unseat_sim_card[PERSONA:Hard],telecom,/home/xqin5/multiaiagent/worktrees/tau2-clean/data/tau2/domains/telecom/tasks.json,1,1,/home/xqin5/multiaiagent/artifacts/task_audit/task_dependency_graphs/telecom_4175e4aa2b6fe9a9.json,False,,False,True,False,False,False,False,True,False,c1_min_tool_calls; c2_min_3_dep_layers; c3_has_persistent_write; c4_has_high_risk_write
[service_issue]airplane_mode_on|contract_end_suspension|unseat_sim_card[PERSONA:Hard],telecom,/home/xqin5/multiaiagent/worktrees/tau2-clean/data/tau2/domains/telecom/tasks.json,1,1,/home/xqin5/multiaiagent/artifacts/task_audit/task_dependency_graphs/telecom_975dd3c4628869a3.json,False,,False,True,False,False,False,False,True,False,c1_min_tool_calls; c2_min_3_dep_layers; c3_has_persistent_write; c4_has_high_risk_write
[service_issue]airplane_mode_on|break_apn_settings|lock_sim_card_pin[PERSONA:None],telecom,/home/xqin5/multiaiagent/worktrees/tau2-clean/data/tau2/domains/telecom/tasks.json,1,1,/home/xqin5/multiaiagent/artifacts/task_audit/task_dependency_graphs/telecom_aee6f8e1bd2193ee.json,False,,False,True,False,False,False,False,True,False,c1_min_tool_calls; c2_min_3_dep_layers; c3_has_persistent_write; c4_has_high_risk_write
[service_issue]airplane_mode_on|lock_sim_card_pin|overdue_bill_suspension[PERSONA:Easy],telecom,/home/xqin5/multiaiagent/worktrees/tau2-clean/data/tau2/domains/telecom/tasks.json,1,1,/home/xqin5/multiaiagent/artifacts/task_audit/task_dependency_graphs/telecom_cc1028e62a9f6ce3.json,False,,False,True,False,False,False,False,True,False,c1_min_tool_calls; c2_min_3_dep_layers; c3_has_persistent_write; c4_has_high_risk_write
[service_issue]airplane_mode_on|contract_end_suspension|lock_sim_card_pin[PERSONA:Hard],telecom,/home/xqin5/multiaiagent/worktrees/tau2-clean/data/tau2/domains/telecom/tasks.json,1,1,/home/xqin5/multiaiagent/artifacts/task_audit/task_dependency_graphs/telecom_dc43eaecd8b78ade.json,False,,False,True,False,False,False,False,True,False,c1_min_tool_calls; c2_min_3_dep_layers; c3_has_persistent_write; c4_has_high_risk_write
[service_issue]airplane_mode_on|break_apn_settings|contract_end_suspension[PERSONA:Easy],telecom,/home/xqin5/multiaiagent/worktrees/tau2-clean/data/tau2/domains/telecom/tasks.json,1,1,/home/xqin5/multiaiagent/artifacts/task_audit/task_dependency_graphs/telecom_7a62e75fd3afd565.json,False,,False,True,False,False,False,False,True,False,c1_min_tool_calls; c2_min_3_dep_layers; c3_has_persistent_write; c4_has_high_risk_write
[service_issue]break_apn_settings|lock_sim_card_pin|unseat_sim_card[PERSONA:Hard],telecom,/home/xqin5/multiaiagent/worktrees/tau2-clean/data/tau2/domains/telecom/tasks.json,1,1,/home/xqin5/multiaiagent/artifacts/task_audit/task_dependency_graphs/telecom_461f5674f238ae9d.json,False,,False,True,False,False,False,False,True,False,c1_min_tool_calls; c2_min_3_dep_layers; c3_has_persistent_write; c4_has_high_risk_write
[service_issue]lock_sim_card_pin|overdue_bill_suspension|unseat_sim_card[PERSONA:None],telecom,/home/xqin5/multiaiagent/worktrees/tau2-clean/data/tau2/domains/telecom/tasks.json,1,1,/home/xqin5/multiaiagent/artifacts/task_audit/task_dependency_graphs/telecom_14c9984c6a14d4f4.json,False,,False,True,False,False,False,False,True,False,c1_min_tool_calls; c2_min_3_dep_layers; c3_has_persistent_write; c4_has_high_risk_write
[service_issue]contract_end_suspension|lock_sim_card_pin|unseat_sim_card[PERSONA:Easy],telecom,/home/xqin5/multiaiagent/worktrees/tau2-clean/data/tau2/domains/telecom/tasks.json,1,1,/home/xqin5/multiaiagent/artifacts/task_audit/task_dependency_graphs/telecom_165d6092c1593a64.json,False,,False,True,False,False,False,False,True,False,c1_min_tool_calls; c2_min_3_dep_layers; c3_has_persistent_write; c4_has_high_risk_write
[service_issue]break_apn_settings|contract_end_suspension|unseat_sim_card[PERSONA:None],telecom,/home/xqin5/multiaiagent/worktrees/tau2-clean/data/tau2/domains/telecom/tasks.json,1,1,/home/xqin5/multiaiagent/artifacts/task_audit/task_dependency_graphs/telecom_731f216d388ee2f6.json,False,,False,True,False,False,False,False,True,False,c1_min_tool_calls; c2_min_3_dep_layers; c3_has_persistent_write; c4_has_high_risk_write
[service_issue]break_apn_settings|lock_sim_card_pin|overdue_bill_suspension[PERSONA:Easy],telecom,/home/xqin5/multiaiagent/worktrees/tau2-clean/data/tau2/domains/telecom/tasks.json,1,1,/home/xqin5/multiaiagent/artifacts/task_audit/task_dependency_graphs/telecom_c397eaf211cce192.json,False,,False,True,False,False,False,False,True,False,c1_min_tool_calls; c2_min_3_dep_layers; c3_has_persistent_write; c4_has_high_risk_write
[service_issue]break_apn_settings|contract_end_suspension|lock_sim_card_pin[PERSONA:Hard],telecom,/home/xqin5/multiaiagent/worktrees/tau2-clean/data/tau2/domains/telecom/tasks.json,1,1,/home/xqin5/multiaiagent/artifacts/task_audit/task_dependency_graphs/telecom_5d2aaf7583c0675f.json,False,,False,True,False,False,False,False,True,False,c1_min_tool_calls; c2_min_3_dep_layers; c3_has_persistent_write; c4_has_high_risk_write
[service_issue]airplane_mode_on|break_apn_settings|lock_sim_card_pin|unseat_sim_card[PERSONA:None],telecom,/home/xqin5/multiaiagent/worktrees/tau2-clean/data/tau2/domains/telecom/tasks.json,1,1,/home/xqin5/multiaiagent/artifacts/task_audit/task_dependency_graphs/telecom_c2796949187a71d4.json,False,,False,True,False,False,False,False,True,False,c1_min_tool_calls; c2_min_3_dep_layers; c3_has_persistent_write; c4_has_high_risk_write
[service_issue]airplane_mode_on|lock_sim_card_pin|overdue_bill_suspension|unseat_sim_card[PERSONA:Easy],telecom,/home/xqin5/multiaiagent/worktrees/tau2-clean/data/tau2/domains/telecom/tasks.json,1,1,/home/xqin5/multiaiagent/artifacts/task_audit/task_dependency_graphs/telecom_a71af361b26608e9.json,False,,False,True,False,False,False,False,True,False,c1_min_tool_calls; c2_min_3_dep_layers; c3_has_persistent_write; c4_has_high_risk_write
[service_issue]airplane_mode_on|contract_end_suspension|lock_sim_card_pin|unseat_sim_card[PERSONA:Hard],telecom,/home/xqin5/multiaiagent/worktrees/tau2-clean/data/tau2/domains/telecom/tasks.json,1,1,/home/xqin5/multiaiagent/artifacts/task_audit/task_dependency_graphs/telecom_e883b10230a04343.json,False,,False,True,False,False,False,False,True,False,c1_min_tool_calls; c2_min_3_dep_layers; c3_has_persistent_write; c4_has_high_risk_write
[service_issue]airplane_mode_on|break_apn_settings|contract_end_suspension|unseat_sim_card[PERSONA:Easy],telecom,/home/xqin5/multiaiagent/worktrees/tau2-clean/data/tau2/domains/telecom/tasks.json,1,1,/home/xqin5/multiaiagent/artifacts/task_audit/task_dependency_graphs/telecom_3290c876b3b4925a.json,False,,False,True,False,False,False,False,True,False,c1_min_tool_calls; c2_min_3_dep_layers; c3_has_persistent_write; c4_has_high_risk_write
[service_issue]airplane_mode_on|break_apn_settings|lock_sim_card_pin|overdue_bill_suspension[PERSONA:Hard],telecom,/home/xqin5/multiaiagent/worktrees/tau2-clean/data/tau2/domains/telecom/tasks.json,1,1,/home/xqin5/multiaiagent/artifacts/task_audit/task_dependency_graphs/telecom_3670a7d788a7d6a9.json,False,,False,True,False,False,False,False,True,False,c1_min_tool_calls; c2_min_3_dep_layers; c3_has_persistent_write; c4_has_high_risk_write
[service_issue]airplane_mode_on|break_apn_settings|contract_end_suspension|lock_sim_card_pin[PERSONA:None],telecom,/home/xqin5/multiaiagent/worktrees/tau2-clean/data/tau2/domains/telecom/tasks.json,1,1,/home/xqin5/multiaiagent/artifacts/task_audit/task_dependency_graphs/telecom_42cedceafbb7a823.json,False,,False,True,False,False,False,False,True,False,c1_min_tool_calls; c2_min_3_dep_layers; c3_has_persistent_write; c4_has_high_risk_write
[service_issue]break_apn_settings|lock_sim_card_pin|overdue_bill_suspension|unseat_sim_card[PERSONA:Easy],telecom,/home/xqin5/multiaiagent/worktrees/tau2-clean/data/tau2/domains/telecom/tasks.json,1,1,/home/xqin5/multiaiagent/artifacts/task_audit/task_dependency_graphs/telecom_6120cba3d93d5c34.json,False,,False,True,False,False,False,False,True,False,c1_min_tool_calls; c2_min_3_dep_layers; c3_has_persistent_write; c4_has_high_risk_write
[service_issue]break_apn_settings|contract_end_suspension|lock_sim_card_pin|unseat_sim_card[PERSONA:Hard],telecom,/home/xqin5/multiaiagent/worktrees/tau2-clean/data/tau2/domains/telecom/tasks.json,1,1,/home/xqin5/multiaiagent/artifacts/task_audit/task_dependency_graphs/telecom_62e8764cb4dc7e05.json,False,,False,True,False,False,False,False,True,False,c1_min_tool_calls; c2_min_3_dep_layers; c3_has_persistent_write; c4_has_high_risk_write
[service_issue]airplane_mode_on|break_apn_settings|lock_sim_card_pin|overdue_bill_suspension|unseat_sim_card[PERSONA:None],telecom,/home/xqin5/multiaiagent/worktrees/tau2-clean/data/tau2/domains/telecom/tasks.json,1,1,/home/xqin5/multiaiagent/artifacts/task_audit/task_dependency_graphs/telecom_3c8faa7f09dff176.json,False,,False,True,False,False,False,False,True,False,c1_min_tool_calls; c2_min_3_dep_layers; c3_has_persistent_write; c4_has_high_risk_write
[service_issue]airplane_mode_on|break_apn_settings|contract_end_suspension|lock_sim_card_pin|unseat_sim_card[PERSONA:Easy],telecom,/home/xqin5/multiaiagent/worktrees/tau2-clean/data/tau2/domains/telecom/tasks.json,1,1,/home/xqin5/multiaiagent/artifacts/task_audit/task_dependency_graphs/telecom_910b1ceebd001477.json,False,,False,True,False,False,False,False,True,False,c1_min_tool_calls; c2_min_3_dep_layers; c3_has_persistent_write; c4_has_high_risk_write
[mms_issue]bad_network_preference[PERSONA:None],telecom,/home/xqin5/multiaiagent/worktrees/tau2-clean/data/tau2/domains/telecom/tasks.json,1,1,/home/xqin5/multiaiagent/artifacts/task_audit/task_dependency_graphs/telecom_9aee1b50e8770624.json,True,set_network_mode_preference,True,True,False,False,True,True,True,False,c1_min_tool_calls; c2_min_3_dep_layers
[mms_issue]bad_wifi_calling[PERSONA:Easy],telecom,/home/xqin5/multiaiagent/worktrees/tau2-clean/data/tau2/domains/telecom/tasks.json,1,1,/home/xqin5/multiaiagent/artifacts/task_audit/task_dependency_graphs/telecom_f9248127d21b322b.json,True,toggle_wifi_calling,True,True,False,False,True,True,True,False,c1_min_tool_calls; c2_min_3_dep_layers
[mms_issue]break_apn_mms_setting[PERSONA:Hard],telecom,/home/xqin5/multiaiagent/worktrees/tau2-clean/data/tau2/domains/telecom/tasks.json,2,2,/home/xqin5/multiaiagent/artifacts/task_audit/task_dependency_graphs/telecom_3fd474e82d6d12b3.json,True,reset_apn_settings|reboot_device,True,True,False,False,True,True,True,False,c1_min_tool_calls; c2_min_3_dep_layers
[mms_issue]break_app_sms_permission[PERSONA:None],telecom,/home/xqin5/multiaiagent/worktrees/tau2-clean/data/tau2/domains/telecom/tasks.json,1,1,/home/xqin5/multiaiagent/artifacts/task_audit/task_dependency_graphs/telecom_d20f86e4cd80f6be.json,True,grant_app_permission,True,True,False,False,True,True,True,False,c1_min_tool_calls; c2_min_3_dep_layers
[mms_issue]break_app_storage_permission[PERSONA:Easy],telecom,/home/xqin5/multiaiagent/worktrees/tau2-clean/data/tau2/domains/telecom/tasks.json,1,1,/home/xqin5/multiaiagent/artifacts/task_audit/task_dependency_graphs/telecom_b50528944074336d.json,True,grant_app_permission,True,True,False,False,True,True,True,False,c1_min_tool_calls; c2_min_3_dep_layers
[mms_issue]break_app_both_permissions[PERSONA:Hard],telecom,/home/xqin5/multiaiagent/worktrees/tau2-clean/data/tau2/domains/telecom/tasks.json,2,2,/home/xqin5/multiaiagent/artifacts/task_audit/task_dependency_graphs/telecom_cb2a3ffc02e2c352.json,True,grant_app_permission|grant_app_permission,True,True,False,False,True,True,True,False,c1_min_tool_calls; c2_min_3_dep_layers
[mms_issue]airplane_mode_on|bad_network_preference[PERSONA:None],telecom,/home/xqin5/multiaiagent/worktrees/tau2-clean/data/tau2/domains/telecom/tasks.json,2,2,/home/xqin5/multiaiagent/artifacts/task_audit/task_dependency_graphs/telecom_6562a866a35b4bb1.json,True,toggle_airplane_mode|set_network_mode_preference,True,True,False,False,True,True,True,False,c1_min_tool_calls; c2_min_3_dep_layers
[mms_issue]airplane_mode_on|bad_wifi_calling[PERSONA:Easy],telecom,/home/xqin5/multiaiagent/worktrees/tau2-clean/data/tau2/domains/telecom/tasks.json,2,2,/home/xqin5/multiaiagent/artifacts/task_audit/task_dependency_graphs/telecom_0dfe3dccb6c72d0a.json,True,toggle_airplane_mode|toggle_wifi_calling,True,True,False,False,True,True,True,False,c1_min_tool_calls; c2_min_3_dep_layers
[mms_issue]airplane_mode_on|break_app_sms_permission[PERSONA:None],telecom,/home/xqin5/multiaiagent/worktrees/tau2-clean/data/tau2/domains/telecom/tasks.json,2,2,/home/xqin5/multiaiagent/artifacts/task_audit/task_dependency_graphs/telecom_7131ca8cf1ea2bba.json,True,toggle_airplane_mode|grant_app_permission,True,True,False,False,True,True,True,False,c1_min_tool_calls; c2_min_3_dep_layers
[mms_issue]airplane_mode_on|break_app_storage_permission[PERSONA:Easy],telecom,/home/xqin5/multiaiagent/worktrees/tau2-clean/data/tau2/domains/telecom/tasks.json,2,2,/home/xqin5/multiaiagent/artifacts/task_audit/task_dependency_graphs/telecom_9d9932c714a33d00.json,True,toggle_airplane_mode|grant_app_permission,True,True,False,False,True,True,True,False,c1_min_tool_calls; c2_min_3_dep_layers
[mms_issue]bad_network_preference|unseat_sim_card[PERSONA:None],telecom,/home/xqin5/multiaiagent/worktrees/tau2-clean/data/tau2/domains/telecom/tasks.json,2,2,/home/xqin5/multiaiagent/artifacts/task_audit/task_dependency_graphs/telecom_2009a774b88ea92c.json,True,set_network_mode_preference|reseat_sim_card,True,True,False,False,True,True,True,False,c1_min_tool_calls; c2_min_3_dep_layers
[mms_issue]bad_wifi_calling|unseat_sim_card[PERSONA:Easy],telecom,/home/xqin5/multiaiagent/worktrees/tau2-clean/data/tau2/domains/telecom/tasks.json,2,2,/home/xqin5/multiaiagent/artifacts/task_audit/task_dependency_graphs/telecom_d122d26317342cc0.json,True,toggle_wifi_calling|reseat_sim_card,True,True,False,False,True,True,True,False,c1_min_tool_calls; c2_min_3_dep_layers
[mms_issue]break_app_sms_permission|unseat_sim_card[PERSONA:None],telecom,/home/xqin5/multiaiagent/worktrees/tau2-clean/data/tau2/domains/telecom/tasks.json,2,2,/home/xqin5/multiaiagent/artifacts/task_audit/task_dependency_graphs/telecom_9e0430047ecfaf0a.json,True,grant_app_permission|reseat_sim_card,True,True,False,False,True,True,True,False,c1_min_tool_calls; c2_min_3_dep_layers
[mms_issue]break_app_storage_permission|unseat_sim_card[PERSONA:Easy],telecom,/home/xqin5/multiaiagent/worktrees/tau2-clean/data/tau2/domains/telecom/tasks.json,2,2,/home/xqin5/multiaiagent/artifacts/task_audit/task_dependency_graphs/telecom_4f95531a7d8d93cf.json,True,grant_app_permission|reseat_sim_card,True,True,False,False,True,True,True,False,c1_min_tool_calls; c2_min_3_dep_layers
[mms_issue]bad_network_preference|data_mode_off[PERSONA:None],telecom,/home/xqin5/multiaiagent/worktrees/tau2-clean/data/tau2/domains/telecom/tasks.json,2,2,/home/xqin5/multiaiagent/artifacts/task_audit/task_dependency_graphs/telecom_57c72d0643efb547.json,True,set_network_mode_preference|toggle_data,True,True,False,False,True,True,True,False,c1_min_tool_calls; c2_min_3_dep_layers
[mms_issue]bad_wifi_calling|data_mode_off[PERSONA:Easy],telecom,/home/xqin5/multiaiagent/worktrees/tau2-clean/data/tau2/domains/telecom/tasks.json,2,2,/home/xqin5/multiaiagent/artifacts/task_audit/task_dependency_graphs/telecom_576ee8c4c54bd669.json,True,toggle_wifi_calling|toggle_data,True,True,False,False,True,True,True,False,c1_min_tool_calls; c2_min_3_dep_layers
[mms_issue]break_app_sms_permission|data_mode_off[PERSONA:None],telecom,/home/xqin5/multiaiagent/worktrees/tau2-clean/data/tau2/domains/telecom/tasks.json,2,2,/home/xqin5/multiaiagent/artifacts/task_audit/task_dependency_graphs/telecom_d400fb71bd55b998.json,True,grant_app_permission|toggle_data,True,True,False,False,True,True,True,False,c1_min_tool_calls; c2_min_3_dep_layers
[mms_issue]break_app_storage_permission|data_mode_off[PERSONA:Easy],telecom,/home/xqin5/multiaiagent/worktrees/tau2-clean/data/tau2/domains/telecom/tasks.json,2,2,/home/xqin5/multiaiagent/artifacts/task_audit/task_dependency_graphs/telecom_cdea31110fbf4bf6.json,True,grant_app_permission|toggle_data,True,True,False,False,True,True,True,False,c1_min_tool_calls; c2_min_3_dep_layers
[mms_issue]bad_network_preference|data_usage_exceeded[PERSONA:None],telecom,/home/xqin5/multiaiagent/worktrees/tau2-clean/data/tau2/domains/telecom/tasks.json,2,2,/home/xqin5/multiaiagent/artifacts/task_audit/task_dependency_graphs/telecom_f41fc02c380518b7.json,True,set_network_mode_preference|refuel_data,True,True,False,False,True,True,True,False,c1_min_tool_calls; c2_min_3_dep_layers
[mms_issue]bad_wifi_calling|data_usage_exceeded[PERSONA:Easy],telecom,/home/xqin5/multiaiagent/worktrees/tau2-clean/data/tau2/domains/telecom/tasks.json,2,2,/home/xqin5/multiaiagent/artifacts/task_audit/task_dependency_graphs/telecom_ae1f56e5fe84f8c9.json,True,toggle_wifi_calling|refuel_data,True,True,False,False,True,True,True,False,c1_min_tool_calls; c2_min_3_dep_layers
[mms_issue]break_app_sms_permission|data_usage_exceeded[PERSONA:None],telecom,/home/xqin5/multiaiagent/worktrees/tau2-clean/data/tau2/domains/telecom/tasks.json,2,2,/home/xqin5/multiaiagent/artifacts/task_audit/task_dependency_graphs/telecom_9669bc0458d79f3c.json,True,grant_app_permission|refuel_data,True,True,False,False,True,True,True,False,c1_min_tool_calls; c2_min_3_dep_layers
[mms_issue]break_app_storage_permission|data_usage_exceeded[PERSONA:Easy],telecom,/home/xqin5/multiaiagent/worktrees/tau2-clean/data/tau2/domains/telecom/tasks.json,2,2,/home/xqin5/multiaiagent/artifacts/task_audit/task_dependency_graphs/telecom_7b7daa05e4287bce.json,True,grant_app_permission|refuel_data,True,True,False,False,True,True,True,False,c1_min_tool_calls; c2_min_3_dep_layers
[mms_issue]bad_network_preference|user_abroad_roaming_enabled_off[PERSONA:None],telecom,/home/xqin5/multiaiagent/worktrees/tau2-clean/data/tau2/domains/telecom/tasks.json,2,2,/home/xqin5/multiaiagent/artifacts/task_audit/task_dependency_graphs/telecom_4983620729394a30.json,True,set_network_mode_preference|toggle_roaming,True,True,False,False,True,True,True,False,c1_min_tool_calls; c2_min_3_dep_layers
[mms_issue]bad_wifi_calling|user_abroad_roaming_enabled_off[PERSONA:Easy],telecom,/home/xqin5/multiaiagent/worktrees/tau2-clean/data/tau2/domains/telecom/tasks.json,2,2,/home/xqin5/multiaiagent/artifacts/task_audit/task_dependency_graphs/telecom_ffe0aa06688c10d4.json,True,toggle_wifi_calling|toggle_roaming,True,True,False,False,True,True,True,False,c1_min_tool_calls; c2_min_3_dep_layers
[mms_issue]break_app_sms_permission|user_abroad_roaming_enabled_off[PERSONA:None],telecom,/home/xqin5/multiaiagent/worktrees/tau2-clean/data/tau2/domains/telecom/tasks.json,2,2,/home/xqin5/multiaiagent/artifacts/task_audit/task_dependency_graphs/telecom_d66e1dfd0aa4005b.json,True,grant_app_permission|toggle_roaming,True,True,False,False,True,True,True,False,c1_min_tool_calls; c2_min_3_dep_layers
[mms_issue]break_app_storage_permission|user_abroad_roaming_enabled_off[PERSONA:Easy],telecom,/home/xqin5/multiaiagent/worktrees/tau2-clean/data/tau2/domains/telecom/tasks.json,2,2,/home/xqin5/multiaiagent/artifacts/task_audit/task_dependency_graphs/telecom_197099feed8f73fd.json,True,grant_app_permission|toggle_roaming,True,True,False,False,True,True,True,False,c1_min_tool_calls; c2_min_3_dep_layers
[mms_issue]bad_network_preference|user_abroad_roaming_disabled_on[PERSONA:None],telecom,/home/xqin5/multiaiagent/worktrees/tau2-clean/data/tau2/domains/telecom/tasks.json,2,2,/home/xqin5/multiaiagent/artifacts/task_audit/task_dependency_graphs/telecom_fadad161195d7479.json,True,set_network_mode_preference|enable_roaming,True,True,False,False,True,True,True,False,c1_min_tool_calls; c2_min_3_dep_layers
[mms_issue]bad_wifi_calling|user_abroad_roaming_disabled_on[PERSONA:Easy],telecom,/home/xqin5/multiaiagent/worktrees/tau2-clean/data/tau2/domains/telecom/tasks.json,2,2,/home/xqin5/multiaiagent/artifacts/task_audit/task_dependency_graphs/telecom_a4d6506fbd9a3931.json,True,toggle_wifi_calling|enable_roaming,True,True,False,False,True,True,True,False,c1_min_tool_calls; c2_min_3_dep_layers
[mms_issue]break_app_sms_permission|user_abroad_roaming_disabled_on[PERSONA:None],telecom,/home/xqin5/multiaiagent/worktrees/tau2-clean/data/tau2/domains/telecom/tasks.json,2,2,/home/xqin5/multiaiagent/artifacts/task_audit/task_dependency_graphs/telecom_60f9490a9a619ec2.json,True,grant_app_permission|enable_roaming,True,True,False,False,True,True,True,False,c1_min_tool_calls; c2_min_3_dep_layers
[mms_issue]break_app_storage_permission|user_abroad_roaming_disabled_on[PERSONA:Easy],telecom,/home/xqin5/multiaiagent/worktrees/tau2-clean/data/tau2/domains/telecom/tasks.json,2,2,/home/xqin5/multiaiagent/artifacts/task_audit/task_dependency_graphs/telecom_d7801e154cf32971.json,True,grant_app_permission|enable_roaming,True,True,False,False,True,True,True,False,c1_min_tool_calls; c2_min_3_dep_layers
[mms_issue]bad_network_preference|bad_wifi_calling[PERSONA:None],telecom,/home/xqin5/multiaiagent/worktrees/tau2-clean/data/tau2/domains/telecom/tasks.json,2,2,/home/xqin5/multiaiagent/artifacts/task_audit/task_dependency_graphs/telecom_98b5441db7a7695e.json,True,set_network_mode_preference|toggle_wifi_calling,True,True,False,False,True,True,True,False,c1_min_tool_calls; c2_min_3_dep_layers
[mms_issue]bad_network_preference|break_app_sms_permission[PERSONA:Hard],telecom,/home/xqin5/multiaiagent/worktrees/tau2-clean/data/tau2/domains/telecom/tasks.json,2,2,/home/xqin5/multiaiagent/artifacts/task_audit/task_dependency_graphs/telecom_dae1dff798f83ef7.json,True,set_network_mode_preference|grant_app_permission,True,True,False,False,True,True,True,False,c1_min_tool_calls; c2_min_3_dep_layers
[mms_issue]bad_network_preference|break_app_storage_permission[PERSONA:None],telecom,/home/xqin5/multiaiagent/worktrees/tau2-clean/data/tau2/domains/telecom/tasks.json,2,2,/home/xqin5/multiaiagent/artifacts/task_audit/task_dependency_graphs/telecom_6d9ac6d136383106.json,True,set_network_mode_preference|grant_app_permission,True,True,False,False,True,True,True,False,c1_min_tool_calls; c2_min_3_dep_layers
[mms_issue]bad_wifi_calling|break_app_sms_permission[PERSONA:None],telecom,/home/xqin5/multiaiagent/worktrees/tau2-clean/data/tau2/domains/telecom/tasks.json,2,2,/home/xqin5/multiaiagent/artifacts/task_audit/task_dependency_graphs/telecom_e0b1ee0d65be2c52.json,True,toggle_wifi_calling|grant_app_permission,True,True,False,False,True,True,True,False,c1_min_tool_calls; c2_min_3_dep_layers
[mms_issue]bad_wifi_calling|break_app_storage_permission[PERSONA:Easy],telecom,/home/xqin5/multiaiagent/worktrees/tau2-clean/data/tau2/domains/telecom/tasks.json,2,2,/home/xqin5/multiaiagent/artifacts/task_audit/task_dependency_graphs/telecom_f7a2e3008a80f345.json,True,toggle_wifi_calling|grant_app_permission,True,True,False,False,True,True,True,False,c1_min_tool_calls; c2_min_3_dep_layers
